post_id|user_name
1etvrmi|VolcanicAsh
1etvdnc|thenightshift8
1etuxvk|katiecharm
1etukaq|-quantum-anomalies-
1etu5ee|Vamacharin
1etu23t|Gold-Advantage-9747
1etu0av|alexeyzel
1ettskg|TimesHero
1ett7th|mrbearteacher
1ett3w4|Northlandscapes
1etspbh|CantKillGawd
1etsd8k|CaptainWoofOnReddit
1ets5va|_reallycool
1ets5hv|krishkaananasa
1ets2g7|CringeyFrog
1etryyl|Worldly_Evidence9113
1etrw40|Prestonisking700
1etrqs3|tallmaurice
1etrqf3|NextgenAITrading
1etrq1a|mellamonemo
1etrmsi|Manuelnotabot
1etraj7|StrangestFleaMarket
1etqyiw|Okumam
1etqx4d|Scary-Emu-5816
1etqv2x|Lopsided-Sea4473
1etqpuj|alyis4u
1etqlv6|kra73ace
1etqimg|bkocdur
1etq5bk|Noslen14
1etq2py|UnablePossibility848
1etq1ak|Ashamed-Dog-57
1etpwsf|green09019
1etpu62|club_frenzy
1etprx2|Finance_not_Romance
1etpmbe|homiecat70
1etoxmx|Maleficent_Pair4920
1etoidc|hawkman_z
1etohzf|Jwallyman51
1etoe2b|AssociationLoud115
1eto66h|KeepCalmNGoLong
1etnyh6|Hola_Senor_Marston
1etn9od|Ripolak
1etmzw7|northerndelta
1etmzrn|Okumam
1etmvd4|trirsquared
1etmsle|StanTheMan15
1etmotr|bandalorian
1etltcb|AnonymousRedditor246
1etlr57|HungryPay1470
1etlloz|jzn21
1etl627|UltraBabyVegeta
1etl3mc|Rakic94
1etl0hs|Zenwarz
1etkwka|Maleficent_Pair4920
1etkv3g|GnightSteve
1etkp2q|Emotional-Ad1140
1etki07|giuliomagnifico
1etkf5x|pwy_NoteGPT
1etkdv8|traxxxi
1etkcb6|Shasha_john
1etk9pj|WellThatsSomeBS
1etjwvw|johnnymnemonik808
1etjvxe|FMACH1
1etjes1|peepdabidness
1etitws|See_monkey_do
1etinwk|cactuskey-
1etikax|Maxie445
1etijz7|nero10578
1eti6ln|Motolio
1etho84|Master-Region-140
1eth9j8|Berry4IT
1eth5n4|R6daily
1eth0ot|KiraVARA
1etgyy1|Lowem14
1etgptp|See_Yourself_Now
1etgjk6|eripsni_2_si_tra
1etgfbj|Ordinary-Move4053
1etg461|Maxie445
1etfqun|JesMan74
1etfkx9|dude007shot
1etfjs9|Wild_Plantain528
1etfcr5|JesMan74
1etfcp3|09Trollhunter09
1etf3ur|Maxie445
1etexjk|clandestinepin
1etem6m|Ok-Studio1621
1ete32k|Jockchrisfi_96
1etdx3r|Altruistic_Gibbon907
1etck54|Candid_Bar_3484
1etc2z4|InformationLittle802
1etbxir|GymTech_Thrillseeker
1etbmek|qubedView
1etaweo|trace186
1etapvc|xenendor
1etaot5|rillygoodhumor
1etajx6|hiva-
1etada2|LiarHater
1eta3a3|ilovecroissants17
1et9uwz|deankenny
1et9s8k|AdministrativeCold56
1et9rbd|farjer
1et9lrq|bananadepartment
1et8wkv|JakeLess
1et8p9b|Pineappleman123456
1et8nw0|SmallishPotatoes
1et84hi|Jadziyah
1et815q|Ok-Needleworker1613
1et7wc1|rogueminionsus
1et7ob5|ReplacementOk6337
1et74c9|Blotter-fyi
1et6nlr|gogo--yubari
1et6jdq|painkiller128
1et6j2j|drnewbs
1et6imv|azeottaff
1et6imm|MastodonCurious4347
1et6aef|AcademicIncrease8080
1et68jt|there_is_no_good
1et67ki|Humorescence
1et5wmg|Thinklikeachef
1et5lz6|Mnkeyqt
1et593s|felixeurope
1et55k7|CalendarVarious3992
1et55bj|7BBCPA
1et47e1|DaddyThickAss
1et416v|Radixmesos
1et413s|Markov__Chainsaw
1et3x0x|UsualWorking4128
1et3t5l|Competitive_Travel16
1et3pkm|iamexman
1et3ozn|Independent_Curve_75
1et3n1h|Leahforre
1et32zn|woodsbaby05
1et30c7|LaurScience
1et2g8w|Co-h1
1et27q9|ProposalSea8509
1et22gd|Any-Use-8075
1et1mod|Hootnany
1et1evo|skixcsgo
1et17uo|MembershipOverall130
1et0xak|StrangestFleaMarket
1et0ukh|GwasWhisperer
1et0rw4|iDoWatEyeFkinWant
1et0jxa|G4M35
1et0ek9|Fckoath
1et0bc5|ahekcahapa
1et0a51|cateatingmachine
1et09vv|greypic
1et06pq|lovely_mae_
1et00f0|Sammy_Roth
1eszq2g|Mundane_Case1994
1eszmkd|hongducwb
1eszju1|pacinor
1eszhr5|Thatshelbs
1esz7xo|throwaway26090210
1esyvso|athosfeitosa
1esymdn|airm0n
1esyj0j|CommonSenseOnMars
1esye7w|RockFischNC
1esybjc|ConsiderationTop992
1esy57f|Celeria_Andranym
1esxrqz|d3schain19
1esxq1t|mueducationresearch
1esxni6|deankenny
1esxhaq|Cramson_Sconefield
1esxda5|liorbatat
1esx5h8|MobileDifficulty3434
1esx56t|marketing_2024
1eswpjb|BBurnout501
1eswn8m|JakeAndAI
1eswh95|Ejjja
1esw885|IntentionStatus3723
1esw862|Maleficent_Pair4920
1esw6lk|HtxBeerDoodeOG
1esvwdc|Ya3amme
1esvu9p|Post_Tenebras_Lux77
1esvr1g|Parking_Ad5541
1esvll9|GPTeaheeMaster
1esv8ja|alyis4u
1esv786|Outside-Dentist311
1esv75r|Quirky_Bag_4250
1esuw6c|LifeisDankiThink
1esuuv6|longtermcontract
1esups2|thefartsmell
1esujuc|Weird_Map_6000
1estwwc|Buzstringer
1estn73|Surprised_Arceus
1esthal|Lesbianseagullman
1est4e6|afkluna_
1essl5k|Quelanight2324
1esse0l|ahnowisee
1esrwah|Alexandeisme
1esrrsh|deankenny
1esridh|JMarty97
1esrh9w|TheNorthCatCat
1esraqw|Elegant_Storage_5518
1esr5sj|sirdidymus1078
1esqrj0|Shasha_john
1esqqk1|Inevitable_Spare2722
1esqa1i|legopoppetje321
1esq03p|Yanaytsabary
1espz9b|IndependentLeg3
1espj2b|Learning-Power
1espd66|indiegameplus
1espbrk|Nick_Reach3239
1esotpy|BodyMindHeart
1eso8e1|AIWorldBlog
1eso3gr|Moonslurry
1eso2xg|Stefan_Levin09
1esnxm0|artificalintelligent
1esnwy8|Baresam7
1esnwoh|Level-Ad-4094
1esnu9m|Rex_Gamer_411
1esnjyg|alabastergrim
1esndns|Best_Analysis_2860
1esn73n|Maxie445
1esn5ka|danikcara
1esmxzu|hatsun3mikucrypt0n
1esmqst|Sea-Commission5383
1esmqhw|DaleRobinson
1esmjm3|Rappy99
1esmcxa|xievika
1esmcso|Altruistic_Ladder_68
1esl2if|Pikachus-Courier
1esl23w|CyberGen49
1eskw01|Jockchrisfi_96
1eskqgf|ChatGPTitties
1eskpfd|Maxie445
1esko0b|Thorboo
1eskjsz|Kurshu
1eskc4w|ChatGPTitties
1esk62e|Surprised_Arceus
1esjogm|Relative_Trouble6927
1esjd7o|whistle_while_u_wait
1esj7o1|MembershipOverall130
1esivbb|wakamonokami
1esiddv|Illustrious-King8421
1esic7q|Broad_Department6387
1esi64b|Boring_Editor_2797
1eshzjm|capu57_2
1eshrkd|Pleasant-Contact-556
1eshe1a|HairylessBaryless
1esh4qo|EscapeRhythm
1esgxng|CheapCrystalFarts
1esgu8o|prittypotato
1esgp0c|captainm27
1esgfgl|Any-Angle-8479
1esgedq|Intelligent_Jump1
1esg4r8|feedus-fetus_fajitas
